{
    "coef": [
        0.0810230267135593,
        4.9410898622823165,
        0.020904522023161363
    ],
    "intercept": -2.4895087761619727
}