{
    "coef": [
        2.9019077471083583,
        3.9360892822619045,
        0.0474253927807187
    ],
    "intercept": -2.9569160050357293
}